Product ID,Product Name,Category,Sales,Date
1,Headphones,Accessories,62,2023-11-16 20:18:38.827616
2,Smartwatch,Appliances,65,2023-12-19 20:18:38.827616
3,TV,Accessories,14,2024-01-17 20:18:38.827616
4,Tablet,Electronics,49,2023-10-16 20:18:38.827616
5,Headphones,Appliances,45,2023-11-11 20:18:38.827616
6,TV,Appliances,92,2023-10-27 20:18:38.827616
7,Tablet,Accessories,88,2024-01-29 20:18:38.827616
8,Smartphone,Accessories,51,2024-04-05 20:18:38.827616
9,TV,Appliances,6,2024-03-11 20:18:38.827616
10,TV,Accessories,57,2023-11-07 20:18:38.827616
11,Smartphone,Appliances,24,2024-05-21 20:18:38.827616
12,TV,Accessories,68,2023-12-26 20:18:38.827616
13,Tablet,Accessories,13,2023-10-16 20:18:38.827616
14,Tablet,Accessories,4,2024-05-03 20:18:38.827616
15,Headphones,Accessories,79,2024-07-19 20:18:38.827616
16,Camera,Accessories,70,2024-01-21 20:18:38.827616
17,Headphones,Accessories,60,2023-12-04 20:18:38.827616
18,Tablet,Appliances,87,2024-01-18 20:18:38.827616
19,Tablet,Appliances,25,2024-03-03 20:18:38.827616
20,Tablet,Accessories,28,2024-02-03 20:18:38.827616
21,TV,Electronics,48,2024-03-09 20:18:38.827616
22,TV,Accessories,71,2024-01-19 20:18:38.827616
23,Camera,Appliances,40,2023-12-09 20:18:38.827616
24,Tablet,Accessories,16,2024-03-01 20:18:38.827616
25,TV,Appliances,18,2024-06-09 20:18:38.827616
26,Camera,Appliances,81,2024-05-30 20:18:38.827616
27,Smartphone,Appliances,79,2024-07-04 20:18:38.827616
28,Smartphone,Appliances,44,2024-05-31 20:18:38.827616
29,TV,Electronics,59,2024-04-16 20:18:38.827616
30,Headphones,Electronics,91,2024-03-02 20:18:38.827616
31,Laptop,Appliances,94,2023-11-07 20:18:38.827616
32,Headphones,Electronics,56,2023-12-20 20:18:38.827616
33,Headphones,Electronics,67,2024-05-02 20:18:38.827616
34,Smartphone,Appliances,99,2024-06-01 20:18:38.827616
35,Tablet,Electronics,48,2024-02-16 20:18:38.827616
36,Smartwatch,Appliances,63,2024-01-18 20:18:38.827616
37,Smartwatch,Accessories,93,2024-06-20 20:18:38.827616
38,Smartphone,Appliances,77,2023-11-30 20:18:38.827616
39,Laptop,Electronics,85,2024-05-14 20:18:38.827616
40,Smartwatch,Electronics,4,2024-02-10 20:18:38.827616
41,Smartwatch,Appliances,5,2024-04-01 20:18:38.827616
42,Laptop,Appliances,7,2024-01-15 20:18:38.827616
43,TV,Electronics,67,2023-10-07 20:18:38.827616
44,Headphones,Electronics,77,2023-09-24 20:18:38.827616
45,Smartphone,Accessories,1,2024-04-09 20:18:38.827616
46,Smartwatch,Accessories,33,2024-08-17 20:18:38.827616
47,Headphones,Electronics,30,2024-04-21 20:18:38.827616
48,Tablet,Electronics,4,2024-01-08 20:18:38.827616
49,TV,Accessories,37,2024-01-04 20:18:38.827616
50,TV,Accessories,69,2023-10-30 20:18:38.827616
51,Smartwatch,Appliances,96,2024-01-11 20:18:38.827616
52,Headphones,Electronics,78,2024-01-10 20:18:38.827616
53,Smartphone,Accessories,49,2024-05-19 20:18:38.827616
54,Laptop,Electronics,75,2024-07-22 20:18:38.827616
55,Headphones,Appliances,2,2024-08-28 20:18:38.827616
56,Smartwatch,Electronics,80,2024-07-09 20:18:38.827616
57,Tablet,Appliances,28,2024-08-30 20:18:38.827616
58,Headphones,Accessories,87,2023-11-02 20:18:38.827616
59,Laptop,Electronics,44,2023-10-09 20:18:38.827616
60,TV,Electronics,8,2024-08-26 20:18:38.827616
61,Headphones,Electronics,55,2024-01-07 20:18:38.827616
62,Tablet,Accessories,94,2024-01-09 20:18:38.827616
63,TV,Accessories,62,2024-02-16 20:18:38.827616
64,Camera,Electronics,23,2023-09-19 20:18:38.827616
65,Tablet,Accessories,67,2023-11-24 20:18:38.827616
66,Tablet,Appliances,86,2023-12-09 20:18:38.827616
67,Headphones,Appliances,39,2023-09-05 20:18:38.827616
68,Laptop,Accessories,31,2023-11-19 20:18:38.827616
69,Headphones,Appliances,40,2023-09-30 20:18:38.827616
70,TV,Electronics,47,2024-07-07 20:18:38.827616
71,Camera,Appliances,17,2024-01-22 20:18:38.827616
72,Camera,Electronics,51,2024-03-10 20:18:38.827616
73,Camera,Accessories,29,2024-02-08 20:18:38.827616
74,Tablet,Appliances,4,2023-09-08 20:18:38.827616
75,Laptop,Appliances,67,2024-05-15 20:18:38.827616
76,Headphones,Electronics,86,2024-04-21 20:18:38.827616
77,Laptop,Electronics,96,2024-06-23 20:18:38.827616
78,Smartphone,Appliances,17,2023-11-13 20:18:38.827616
79,Smartwatch,Electronics,52,2023-11-06 20:18:38.827616
80,Headphones,Electronics,54,2023-12-24 20:18:38.827616
81,Smartwatch,Electronics,58,2024-01-10 20:18:38.827616
82,Tablet,Accessories,33,2024-04-27 20:18:38.827616
83,Laptop,Accessories,88,2023-11-22 20:18:38.827616
84,Camera,Appliances,19,2024-06-26 20:18:38.827616
85,TV,Appliances,77,2024-08-10 20:18:38.827616
86,Smartwatch,Accessories,89,2024-07-21 20:18:38.827616
87,Tablet,Appliances,54,2024-06-13 20:18:38.827616
88,Camera,Appliances,93,2023-10-12 20:18:38.827616
89,TV,Electronics,57,2024-04-13 20:18:38.827616
90,Laptop,Appliances,36,2023-10-07 20:18:38.827616
91,Camera,Accessories,6,2024-08-05 20:18:38.827616
92,Smartphone,Appliances,33,2024-03-13 20:18:38.827616
93,TV,Appliances,61,2024-01-12 20:18:38.827616
94,Tablet,Appliances,91,2024-05-17 20:18:38.827616
95,Smartwatch,Appliances,74,2024-01-18 20:18:38.827616
96,Headphones,Accessories,34,2024-05-17 20:18:38.827616
97,Smartwatch,Appliances,70,2023-09-02 20:18:38.827616
98,Laptop,Accessories,83,2024-07-16 20:18:38.827616
99,Tablet,Electronics,94,2024-01-18 20:18:38.827616
100,Laptop,Electronics,82,2023-11-10 20:18:38.827616
101,Laptop,Appliances,28,2024-05-02 20:18:38.827616
102,Laptop,Accessories,74,2024-04-02 20:18:38.827616
103,Smartphone,Accessories,73,2024-05-13 20:18:38.827616
104,TV,Accessories,16,2024-07-11 20:18:38.827616
105,Camera,Accessories,98,2024-02-02 20:18:38.827616
106,Headphones,Appliances,42,2023-10-27 20:18:38.827616
107,Headphones,Electronics,40,2024-05-31 20:18:38.827616
108,Smartwatch,Accessories,55,2023-09-09 20:18:38.827616
109,Headphones,Accessories,22,2024-04-15 20:18:38.827616
110,Smartphone,Accessories,55,2024-02-28 20:18:38.827616
111,Headphones,Electronics,21,2024-04-25 20:18:38.827616
112,Tablet,Accessories,54,2024-08-19 20:18:38.827616
113,Smartphone,Accessories,24,2023-12-18 20:18:38.827616
114,Smartwatch,Appliances,46,2024-07-28 20:18:38.827616
115,Headphones,Accessories,75,2023-09-20 20:18:38.827616
116,Headphones,Appliances,38,2024-03-22 20:18:38.827616
117,Headphones,Accessories,70,2024-07-03 20:18:38.827616
118,Smartwatch,Accessories,61,2024-06-10 20:18:38.827616
119,Headphones,Appliances,3,2023-10-08 20:18:38.827616
120,Smartwatch,Appliances,38,2024-01-24 20:18:38.827616
121,Smartphone,Accessories,21,2024-03-26 20:18:38.827616
122,Smartphone,Accessories,59,2024-02-25 20:18:38.827616
123,Camera,Accessories,27,2024-02-10 20:18:38.827616
124,TV,Appliances,29,2024-04-15 20:18:38.827616
125,Camera,Electronics,49,2024-04-21 20:18:38.827616
126,Smartwatch,Electronics,33,2024-03-17 20:18:38.827616
127,Camera,Accessories,27,2024-07-23 20:18:38.827616
128,Laptop,Electronics,83,2023-09-29 20:18:38.827616
129,Camera,Accessories,3,2024-05-24 20:18:38.827616
130,Laptop,Appliances,99,2024-04-01 20:18:38.827616
131,Laptop,Appliances,49,2023-11-02 20:18:38.827616
132,Smartwatch,Appliances,88,2024-03-20 20:18:38.827616
133,TV,Appliances,47,2023-12-07 20:18:38.827616
134,Camera,Electronics,97,2024-04-05 20:18:38.827616
135,Camera,Appliances,95,2024-02-17 20:18:38.827616
136,Smartwatch,Electronics,6,2024-02-27 20:18:38.827616
137,TV,Appliances,95,2023-09-26 20:18:38.827616
138,Smartphone,Appliances,62,2023-12-26 20:18:38.827616
139,Tablet,Electronics,75,2023-12-23 20:18:38.827616
140,Laptop,Appliances,54,2024-04-29 20:18:38.827616
141,Laptop,Accessories,44,2024-04-07 20:18:38.827616
142,Smartphone,Electronics,2,2024-02-03 20:18:38.827616
143,Smartphone,Appliances,64,2024-03-27 20:18:38.827616
144,Laptop,Electronics,19,2023-10-27 20:18:38.827616
145,Tablet,Appliances,7,2024-08-29 20:18:38.827616
146,Smartphone,Appliances,64,2023-11-26 20:18:38.827616
147,Camera,Accessories,63,2024-07-24 20:18:38.827616
148,Smartphone,Electronics,46,2024-08-26 20:18:38.827616
149,Smartphone,Accessories,5,2024-05-28 20:18:38.827616
150,Laptop,Appliances,35,2024-05-21 20:18:38.827616
151,Smartwatch,Electronics,27,2024-06-30 20:18:38.827616
152,Headphones,Electronics,23,2023-09-07 20:18:38.827616
153,Smartwatch,Accessories,97,2024-06-12 20:18:38.827616
154,Camera,Appliances,13,2024-05-25 20:18:38.827616
155,Smartphone,Appliances,74,2024-03-11 20:18:38.827616
156,Camera,Electronics,49,2024-04-25 20:18:38.827616
157,Smartwatch,Electronics,26,2024-02-28 20:18:38.827616
158,Headphones,Accessories,11,2024-01-23 20:18:38.827616
159,Smartwatch,Appliances,86,2023-10-03 20:18:38.827616
160,Tablet,Appliances,19,2023-10-21 20:18:38.827616
161,Smartphone,Accessories,43,2023-09-19 20:18:38.827616
162,Headphones,Accessories,82,2023-11-09 20:18:38.827616
163,Smartphone,Appliances,18,2024-02-09 20:18:38.827616
164,TV,Appliances,35,2024-02-21 20:18:38.827616
165,Smartphone,Accessories,60,2023-11-05 20:18:38.827616
166,Smartphone,Appliances,96,2024-04-09 20:18:38.827616
167,TV,Electronics,22,2023-12-14 20:18:38.827616
168,Smartwatch,Appliances,6,2023-12-12 20:18:38.827616
169,Smartwatch,Appliances,41,2023-10-21 20:18:38.827616
170,Headphones,Electronics,36,2023-09-10 20:18:38.827616
171,Smartphone,Electronics,67,2023-10-06 20:18:38.827616
172,Camera,Appliances,69,2024-01-04 20:18:38.827616
173,Laptop,Accessories,90,2024-07-22 20:18:38.827616
174,Smartwatch,Electronics,85,2024-01-05 20:18:38.827616
175,Smartwatch,Accessories,91,2023-09-30 20:18:38.827616
176,Headphones,Accessories,5,2023-09-20 20:18:38.827616
177,Camera,Accessories,46,2024-07-23 20:18:38.827616
178,Smartphone,Accessories,67,2024-04-29 20:18:38.827616
179,Headphones,Appliances,24,2024-07-05 20:18:38.827616
180,Headphones,Electronics,34,2024-02-02 20:18:38.827616
181,Smartwatch,Accessories,86,2023-12-21 20:18:38.827616
182,Smartwatch,Accessories,77,2023-09-30 20:18:38.827616
183,Smartwatch,Accessories,53,2023-10-08 20:18:38.827616
184,Camera,Accessories,79,2024-01-02 20:18:38.827616
185,TV,Appliances,9,2023-09-21 20:18:38.827616
186,Tablet,Electronics,25,2024-01-14 20:18:38.827616
187,TV,Electronics,54,2024-01-20 20:18:38.827616
188,Smartwatch,Electronics,53,2023-09-24 20:18:38.827616
189,Laptop,Electronics,1,2024-05-08 20:18:38.827616
190,TV,Accessories,60,2023-11-14 20:18:38.827616
191,Camera,Appliances,40,2023-10-19 20:18:38.827616
192,Laptop,Accessories,100,2024-01-02 20:18:38.827616
193,Tablet,Appliances,43,2023-12-03 20:18:38.827616
194,Camera,Appliances,58,2024-07-28 20:18:38.827616
195,Headphones,Accessories,65,2023-11-11 20:18:38.827616
196,Smartphone,Accessories,44,2024-04-15 20:18:38.827616
197,Laptop,Electronics,89,2024-01-08 20:18:38.827616
198,Headphones,Appliances,56,2023-12-25 20:18:38.827616
199,Laptop,Appliances,24,2024-01-01 20:18:38.827616
200,Smartphone,Accessories,93,2024-04-25 20:18:38.827616
201,Headphones,Accessories,37,2023-12-05 20:18:38.827616
202,Laptop,Accessories,19,2023-09-10 20:18:38.827616
203,Camera,Electronics,76,2023-11-14 20:18:38.827616
204,Laptop,Accessories,97,2024-08-19 20:18:38.827616
205,Laptop,Electronics,57,2023-12-16 20:18:38.827616
206,Smartwatch,Electronics,34,2024-04-27 20:18:38.827616
207,Camera,Electronics,59,2024-02-29 20:18:38.827616
208,TV,Accessories,56,2024-03-04 20:18:38.827616
209,Smartwatch,Electronics,63,2023-11-06 20:18:38.827616
210,Smartphone,Electronics,100,2024-03-24 20:18:38.827616
211,Tablet,Appliances,92,2024-07-08 20:18:38.827616
212,Tablet,Appliances,93,2023-12-13 20:18:38.827616
213,Smartwatch,Electronics,45,2023-12-26 20:18:38.827616
214,Tablet,Accessories,70,2023-12-29 20:18:38.827616
215,Smartwatch,Electronics,87,2023-12-26 20:18:38.827616
216,Camera,Electronics,28,2024-02-03 20:18:38.827616
217,Laptop,Accessories,99,2024-08-26 20:18:38.827616
218,Headphones,Appliances,34,2024-01-25 20:18:38.827616
219,TV,Electronics,44,2024-02-11 20:18:38.827616
220,TV,Electronics,85,2024-01-14 20:18:38.827616
221,Smartwatch,Appliances,33,2024-07-09 20:18:38.827616
222,Smartphone,Accessories,53,2024-07-14 20:18:38.827616
223,Headphones,Electronics,1,2023-09-17 20:18:38.827616
224,Tablet,Electronics,53,2023-12-15 20:18:38.827616
225,Smartwatch,Electronics,35,2023-12-03 20:18:38.827616
226,Headphones,Electronics,61,2023-10-04 20:18:38.827616
227,Laptop,Accessories,11,2024-06-21 20:18:38.827616
228,TV,Accessories,88,2024-04-10 20:18:38.827616
229,TV,Electronics,72,2024-05-23 20:18:38.827616
230,Laptop,Appliances,54,2024-04-21 20:18:38.827616
231,Smartwatch,Appliances,67,2024-03-30 20:18:38.827616
232,Smartphone,Appliances,80,2024-04-06 20:18:38.827616
233,Camera,Electronics,45,2024-05-05 20:18:38.827616
234,Tablet,Electronics,89,2024-07-30 20:18:38.827616
235,Smartphone,Appliances,25,2023-09-02 20:18:38.827616
236,Tablet,Appliances,63,2023-09-18 20:18:38.827616
237,Camera,Electronics,66,2024-07-08 20:18:38.827616
238,Tablet,Accessories,9,2024-02-06 20:18:38.827616
239,Laptop,Electronics,88,2024-05-02 20:18:38.827616
240,Smartphone,Appliances,54,2024-04-06 20:18:38.827616
241,Tablet,Appliances,57,2023-11-30 20:18:38.827616
242,Headphones,Appliances,97,2023-10-01 20:18:38.827616
243,TV,Accessories,35,2024-08-26 20:18:38.827616
244,Tablet,Appliances,69,2024-02-08 20:18:38.827616
245,TV,Electronics,61,2024-04-13 20:18:38.827616
246,Smartphone,Accessories,6,2023-12-23 20:18:38.827616
247,Smartphone,Electronics,9,2024-08-29 20:18:38.827616
248,TV,Appliances,85,2024-02-08 20:18:38.827616
249,Camera,Accessories,33,2023-10-25 20:18:38.827616
250,Smartwatch,Electronics,62,2024-02-29 20:18:38.827616
251,TV,Accessories,88,2024-03-27 20:18:38.827616
252,Tablet,Electronics,100,2024-05-13 20:18:38.827616
253,Camera,Electronics,79,2024-02-02 20:18:38.827616
254,Smartwatch,Accessories,84,2024-04-18 20:18:38.827616
255,Smartwatch,Appliances,23,2024-03-21 20:18:38.827616
256,TV,Accessories,3,2024-06-23 20:18:38.827616
257,Smartphone,Accessories,83,2024-03-20 20:18:38.827616
258,Headphones,Accessories,49,2024-02-10 20:18:38.827616
259,TV,Appliances,49,2024-03-20 20:18:38.827616
260,Smartwatch,Electronics,28,2023-09-16 20:18:38.827616
261,Headphones,Electronics,37,2024-05-15 20:18:38.827616
262,Camera,Appliances,51,2024-04-18 20:18:38.827616
263,TV,Appliances,92,2024-03-08 20:18:38.827616
264,Laptop,Accessories,53,2024-06-22 20:18:38.827616
265,Smartwatch,Accessories,41,2023-12-11 20:18:38.827616
266,Headphones,Appliances,89,2024-01-14 20:18:38.827616
267,Camera,Electronics,91,2024-06-30 20:18:38.827616
268,Camera,Accessories,80,2024-03-21 20:18:38.827616
269,Tablet,Appliances,1,2024-07-09 20:18:38.827616
270,Tablet,Appliances,14,2024-02-05 20:18:38.827616
271,TV,Appliances,37,2024-08-21 20:18:38.827616
272,Tablet,Accessories,63,2024-03-22 20:18:38.827616
273,Camera,Accessories,36,2024-04-01 20:18:38.827616
274,Smartwatch,Accessories,50,2024-01-30 20:18:38.827616
275,Tablet,Electronics,99,2024-07-24 20:18:38.827616
276,Smartphone,Appliances,94,2024-08-20 20:18:38.827616
277,Tablet,Accessories,62,2024-08-08 20:18:38.827616
278,Camera,Electronics,78,2024-08-17 20:18:38.827616
279,Laptop,Electronics,51,2024-06-12 20:18:38.827616
280,Smartphone,Appliances,16,2024-02-05 20:18:38.827616
281,Smartphone,Appliances,95,2024-06-09 20:18:38.827616
282,TV,Accessories,16,2024-07-06 20:18:38.827616
283,Camera,Electronics,51,2023-09-18 20:18:38.827616
284,Smartphone,Electronics,68,2024-06-19 20:18:38.827616
285,Camera,Electronics,34,2024-02-07 20:18:38.827616
286,Tablet,Accessories,71,2024-03-04 20:18:38.827616
287,TV,Electronics,22,2024-06-10 20:18:38.827616
288,Camera,Accessories,17,2024-02-12 20:18:38.827616
289,Camera,Appliances,9,2023-11-08 20:18:38.827616
290,Laptop,Electronics,26,2023-12-15 20:18:38.827616
291,Smartwatch,Accessories,60,2024-05-28 20:18:38.827616
292,TV,Accessories,58,2023-09-22 20:18:38.827616
293,Camera,Electronics,52,2024-03-11 20:18:38.827616
294,TV,Accessories,75,2024-07-29 20:18:38.827616
295,Camera,Accessories,39,2024-01-05 20:18:38.827616
296,TV,Accessories,6,2023-11-27 20:18:38.827616
297,Laptop,Accessories,73,2024-01-12 20:18:38.827616
298,Tablet,Electronics,5,2024-05-22 20:18:38.827616
299,TV,Electronics,95,2023-11-05 20:18:38.827616
300,Headphones,Appliances,10,2024-01-05 20:18:38.827616
301,TV,Accessories,70,2023-09-01 20:18:38.827616
302,TV,Electronics,87,2024-05-27 20:18:38.827616
303,Camera,Accessories,2,2023-12-28 20:18:38.827616
304,Laptop,Appliances,59,2024-02-09 20:18:38.827616
305,TV,Appliances,36,2023-11-28 20:18:38.827616
306,Smartwatch,Accessories,28,2024-08-02 20:18:38.827616
307,Laptop,Accessories,38,2023-11-25 20:18:38.827616
308,TV,Appliances,64,2024-06-28 20:18:38.827616
309,Smartwatch,Electronics,63,2024-08-12 20:18:38.827616
310,Smartwatch,Appliances,55,2024-07-28 20:18:38.827616
311,Tablet,Electronics,41,2024-02-29 20:18:38.827616
312,Tablet,Appliances,1,2024-06-14 20:18:38.827616
313,Smartphone,Appliances,66,2024-05-11 20:18:38.827616
314,Tablet,Accessories,14,2024-05-23 20:18:38.827616
315,Headphones,Accessories,100,2023-09-11 20:18:38.827616
316,TV,Appliances,44,2024-05-26 20:18:38.827616
317,Tablet,Accessories,10,2024-05-11 20:18:38.827616
318,Tablet,Electronics,48,2023-12-07 20:18:38.827616
319,Tablet,Accessories,41,2024-07-02 20:18:38.827616
320,Headphones,Accessories,62,2023-11-12 20:18:38.827616
321,Laptop,Appliances,85,2024-03-09 20:18:38.827616
322,TV,Appliances,78,2024-01-20 20:18:38.827616
323,Tablet,Accessories,39,2024-01-10 20:18:38.827616
324,Smartwatch,Electronics,86,2024-03-16 20:18:38.827616
325,Tablet,Accessories,89,2024-02-25 20:18:38.827616
326,Smartphone,Accessories,12,2024-08-19 20:18:38.827616
327,Tablet,Accessories,22,2023-10-13 20:18:38.827616
328,TV,Electronics,41,2024-01-10 20:18:38.827616
329,Smartwatch,Electronics,30,2024-01-23 20:18:38.827616
330,Laptop,Accessories,10,2024-08-18 20:18:38.827616
331,Headphones,Electronics,80,2024-05-16 20:18:38.827616
332,Camera,Electronics,89,2024-07-31 20:18:38.827616
333,Smartphone,Accessories,33,2024-01-20 20:18:38.827616
334,Camera,Accessories,63,2024-07-22 20:18:38.827616
335,TV,Electronics,99,2024-01-12 20:18:38.827616
336,Laptop,Appliances,70,2024-02-07 20:18:38.827616
337,Laptop,Appliances,79,2024-02-28 20:18:38.827616
338,Smartphone,Electronics,37,2023-09-09 20:18:38.827616
339,Headphones,Appliances,30,2023-10-13 20:18:38.827616
340,Headphones,Electronics,72,2024-07-17 20:18:38.827616
341,Laptop,Accessories,79,2023-09-01 20:18:38.827616
342,Tablet,Accessories,58,2024-02-18 20:18:38.827616
343,Camera,Electronics,96,2024-01-02 20:18:38.827616
344,Laptop,Accessories,22,2024-04-13 20:18:38.827616
345,Tablet,Accessories,93,2024-03-09 20:18:38.827616
346,Camera,Electronics,11,2023-09-19 20:18:38.827616
347,Headphones,Appliances,63,2024-01-13 20:18:38.827616
348,TV,Electronics,79,2023-10-19 20:18:38.827616
349,Tablet,Appliances,84,2023-12-28 20:18:38.827616
350,Tablet,Accessories,1,2024-03-20 20:18:38.827616
351,Camera,Accessories,85,2023-12-30 20:18:38.827616
352,TV,Electronics,69,2023-09-24 20:18:38.827616
353,Tablet,Electronics,99,2024-01-15 20:18:38.827616
354,Tablet,Appliances,1,2023-09-15 20:18:38.827616
355,Tablet,Appliances,97,2024-05-23 20:18:38.827616
356,Tablet,Accessories,3,2024-05-23 20:18:38.827616
357,Laptop,Accessories,35,2024-06-08 20:18:38.827616
358,Camera,Electronics,77,2024-03-01 20:18:38.827616
359,Smartphone,Appliances,15,2023-11-09 20:18:38.827616
360,TV,Appliances,69,2024-05-09 20:18:38.827616
361,Headphones,Appliances,21,2024-03-04 20:18:38.827616
362,Smartphone,Accessories,96,2023-12-28 20:18:38.827616
363,Tablet,Appliances,97,2024-05-18 20:18:38.827616
364,TV,Appliances,59,2024-06-27 20:18:38.827616
365,Smartphone,Appliances,76,2024-08-15 20:18:38.827616
366,Smartwatch,Electronics,34,2024-04-13 20:18:38.827616
367,Smartphone,Appliances,17,2023-11-17 20:18:38.827616
368,TV,Electronics,51,2023-12-16 20:18:38.827616
369,TV,Accessories,43,2024-04-19 20:18:38.827616
370,Smartphone,Electronics,100,2024-08-30 20:18:38.827616
371,Headphones,Electronics,49,2023-10-24 20:18:38.827616
372,TV,Electronics,13,2023-09-13 20:18:38.827616
373,Camera,Electronics,88,2023-10-11 20:18:38.827616
374,Camera,Accessories,76,2024-01-17 20:18:38.827616
375,Smartwatch,Electronics,38,2023-09-15 20:18:38.827616
376,Camera,Appliances,10,2024-02-20 20:18:38.827616
377,Smartwatch,Accessories,52,2024-01-13 20:18:38.827616
378,Headphones,Appliances,72,2024-01-23 20:18:38.827616
379,Laptop,Electronics,56,2023-11-03 20:18:38.827616
380,Smartphone,Electronics,26,2024-02-28 20:18:38.827616
381,Smartphone,Electronics,87,2024-03-04 20:18:38.827616
382,Laptop,Appliances,56,2023-12-08 20:18:38.827616
383,TV,Accessories,53,2023-09-29 20:18:38.827616
384,Laptop,Electronics,36,2024-02-03 20:18:38.827616
385,Camera,Accessories,20,2023-11-16 20:18:38.827616
386,Smartphone,Appliances,26,2024-03-26 20:18:38.827616
387,TV,Accessories,71,2024-08-09 20:18:38.827616
388,Headphones,Electronics,32,2024-03-03 20:18:38.827616
389,TV,Electronics,93,2023-12-17 20:18:38.827616
390,TV,Appliances,84,2024-05-31 20:18:38.827616
391,Smartwatch,Accessories,85,2024-02-28 20:18:38.827616
392,Laptop,Appliances,5,2023-10-24 20:18:38.827616
393,Smartwatch,Appliances,12,2023-09-05 20:18:38.827616
394,TV,Accessories,15,2024-05-19 20:18:38.827616
395,Camera,Electronics,79,2024-03-12 20:18:38.827616
396,Smartphone,Electronics,57,2023-12-10 20:18:38.827616
397,Tablet,Electronics,63,2024-04-09 20:18:38.827616
398,Headphones,Accessories,90,2024-05-29 20:18:38.827616
399,Tablet,Accessories,72,2024-01-08 20:18:38.827616
400,Tablet,Accessories,60,2024-02-19 20:18:38.827616
401,Camera,Appliances,81,2024-05-12 20:18:38.827616
402,Smartwatch,Electronics,80,2024-03-14 20:18:38.827616
403,Smartwatch,Accessories,28,2024-01-26 20:18:38.827616
404,TV,Accessories,37,2024-01-21 20:18:38.827616
405,Tablet,Appliances,58,2024-06-23 20:18:38.827616
406,Laptop,Electronics,19,2023-09-09 20:18:38.827616
407,TV,Accessories,38,2024-08-19 20:18:38.827616
408,Headphones,Appliances,51,2023-10-28 20:18:38.827616
409,Camera,Accessories,57,2024-03-20 20:18:38.827616
410,Headphones,Appliances,91,2023-12-08 20:18:38.827616
411,Tablet,Electronics,4,2024-03-22 20:18:38.827616
412,Camera,Electronics,59,2023-09-04 20:18:38.827616
413,Laptop,Accessories,43,2023-12-07 20:18:38.827616
414,TV,Electronics,98,2024-01-08 20:18:38.827616
415,Headphones,Appliances,3,2024-07-19 20:18:38.827616
416,Tablet,Electronics,59,2024-05-08 20:18:38.827616
417,Tablet,Electronics,28,2024-01-04 20:18:38.827616
418,Smartwatch,Accessories,25,2024-08-27 20:18:38.827616
419,Headphones,Appliances,73,2024-01-17 20:18:38.827616
420,Camera,Appliances,35,2023-11-18 20:18:38.827616
421,TV,Appliances,47,2024-06-12 20:18:38.827616
422,Tablet,Appliances,80,2023-09-07 20:18:38.827616
423,Smartwatch,Accessories,46,2024-02-09 20:18:38.827616
424,Smartphone,Accessories,58,2024-01-09 20:18:38.827616
425,TV,Electronics,24,2023-12-03 20:18:38.827616
426,Smartwatch,Accessories,27,2024-03-24 20:18:38.827616
427,TV,Electronics,19,2024-08-18 20:18:38.827616
428,Laptop,Accessories,96,2023-11-26 20:18:38.827616
429,Camera,Appliances,15,2024-08-28 20:18:38.827616
430,Tablet,Electronics,3,2024-06-11 20:18:38.827616
431,TV,Accessories,40,2024-08-29 20:18:38.827616
432,Camera,Appliances,60,2024-08-01 20:18:38.827616
433,Smartphone,Appliances,42,2023-11-23 20:18:38.827616
434,Smartwatch,Appliances,23,2023-11-28 20:18:38.827616
435,Headphones,Appliances,33,2024-02-12 20:18:38.827616
436,Smartwatch,Accessories,61,2024-07-31 20:18:38.827616
437,Smartwatch,Appliances,76,2024-07-30 20:18:38.827616
438,Tablet,Appliances,63,2023-12-02 20:18:38.827616
439,Tablet,Electronics,25,2023-11-01 20:18:38.827616
440,Tablet,Accessories,78,2024-06-14 20:18:38.827616
441,Tablet,Appliances,23,2024-05-27 20:18:38.827616
442,TV,Accessories,64,2023-10-23 20:18:38.827616
443,Tablet,Accessories,30,2024-01-24 20:18:38.827616
444,Headphones,Appliances,11,2023-12-09 20:18:38.827616
445,Tablet,Electronics,88,2023-10-17 20:18:38.827616
446,Camera,Appliances,73,2024-02-26 20:18:38.827616
447,TV,Electronics,46,2023-12-01 20:18:38.827616
448,Laptop,Accessories,74,2024-01-25 20:18:38.827616
449,Laptop,Electronics,17,2024-06-05 20:18:38.827616
450,Tablet,Appliances,37,2024-06-13 20:18:38.827616
451,Smartphone,Accessories,7,2024-01-31 20:18:38.827616
452,Smartwatch,Electronics,89,2023-09-18 20:18:38.827616
453,Tablet,Accessories,21,2024-07-12 20:18:38.827616
454,Smartwatch,Electronics,81,2024-02-15 20:18:38.827616
455,Headphones,Appliances,74,2024-05-04 20:18:38.827616
456,Smartphone,Appliances,15,2024-08-25 20:18:38.827616
457,Smartwatch,Appliances,84,2023-10-02 20:18:38.827616
458,Smartwatch,Appliances,75,2024-02-24 20:18:38.827616
459,Laptop,Electronics,96,2024-04-27 20:18:38.827616
460,Laptop,Electronics,85,2023-12-14 20:18:38.827616
461,Camera,Accessories,61,2023-12-13 20:18:38.827616
462,Smartphone,Electronics,7,2024-04-03 20:18:38.827616
463,Camera,Accessories,12,2023-09-29 20:18:38.827616
464,Headphones,Electronics,75,2023-10-05 20:18:38.827616
465,Smartwatch,Accessories,35,2024-01-31 20:18:38.827616
466,TV,Accessories,9,2024-04-15 20:18:38.827616
467,Camera,Appliances,48,2023-11-14 20:18:38.827616
468,Headphones,Electronics,18,2023-12-13 20:18:38.827616
469,Smartwatch,Electronics,56,2024-03-28 20:18:38.827616
470,Camera,Electronics,32,2023-09-02 20:18:38.827616
471,Headphones,Accessories,3,2024-08-04 20:18:38.827616
472,Laptop,Electronics,2,2024-05-15 20:18:38.827616
473,Camera,Electronics,52,2024-04-28 20:18:38.827616
474,Smartwatch,Electronics,46,2023-11-09 20:18:38.827616
475,Laptop,Electronics,68,2023-09-14 20:18:38.827616
476,Tablet,Electronics,98,2024-06-07 20:18:38.827616
477,Laptop,Appliances,19,2023-12-04 20:18:38.827616
478,Smartwatch,Appliances,22,2024-01-12 20:18:38.827616
479,Smartphone,Appliances,78,2024-01-25 20:18:38.827616
480,Smartwatch,Appliances,70,2024-06-29 20:18:38.827616
481,Smartwatch,Appliances,64,2024-02-28 20:18:38.827616
482,TV,Accessories,56,2023-10-06 20:18:38.827616
483,Camera,Electronics,45,2024-02-03 20:18:38.827616
484,Laptop,Electronics,75,2024-07-05 20:18:38.827616
485,Laptop,Appliances,62,2023-10-16 20:18:38.827616
486,Smartwatch,Accessories,46,2023-09-03 20:18:38.827616
487,Headphones,Electronics,88,2023-10-05 20:18:38.827616
488,Smartwatch,Appliances,7,2024-01-13 20:18:38.827616
489,TV,Electronics,81,2024-06-22 20:18:38.827616
490,Tablet,Appliances,71,2024-01-08 20:18:38.827616
491,Camera,Accessories,6,2024-06-17 20:18:38.827616
492,Tablet,Appliances,46,2024-02-12 20:18:38.827616
493,Headphones,Accessories,25,2024-07-08 20:18:38.827616
494,Laptop,Accessories,38,2024-08-29 20:18:38.827616
495,TV,Appliances,33,2023-09-22 20:18:38.827616
496,Tablet,Appliances,23,2024-04-03 20:18:38.827616
497,Laptop,Accessories,57,2024-02-22 20:18:38.827616
498,Smartphone,Electronics,62,2023-12-28 20:18:38.827616
499,Headphones,Accessories,92,2023-12-14 20:18:38.827616
500,Smartphone,Appliances,7,2024-04-01 20:18:38.827616
501,Camera,Electronics,59,2023-11-01 20:18:38.827616
502,Laptop,Accessories,85,2023-11-25 20:18:38.827616
503,Tablet,Accessories,51,2023-09-17 20:18:38.827616
504,Headphones,Electronics,49,2024-07-22 20:18:38.827616
505,Camera,Appliances,21,2023-12-20 20:18:38.827616
506,Laptop,Accessories,27,2024-08-16 20:18:38.827616
507,Laptop,Accessories,56,2024-02-22 20:18:38.827616
508,Tablet,Appliances,79,2023-12-17 20:18:38.827616
509,Laptop,Accessories,88,2023-09-17 20:18:38.827616
510,Camera,Accessories,33,2023-11-21 20:18:38.827616
511,Headphones,Electronics,91,2023-11-01 20:18:38.827616
512,Laptop,Accessories,71,2024-04-03 20:18:38.827616
513,Laptop,Electronics,35,2024-04-16 20:18:38.827616
514,TV,Appliances,46,2024-02-27 20:18:38.827616
515,TV,Accessories,80,2024-03-22 20:18:38.827616
516,Camera,Appliances,56,2023-12-27 20:18:38.827616
517,Camera,Appliances,99,2024-01-18 20:18:38.827616
518,Smartwatch,Accessories,4,2024-08-06 20:18:38.827616
519,Camera,Accessories,67,2024-04-22 20:18:38.827616
520,Tablet,Electronics,52,2023-09-21 20:18:38.827616
521,TV,Appliances,45,2024-03-30 20:18:38.827616
522,Camera,Appliances,45,2024-05-18 20:18:38.827616
523,Camera,Accessories,76,2023-10-02 20:18:38.827616
524,Headphones,Electronics,95,2023-12-23 20:18:38.827616
525,Laptop,Electronics,13,2023-09-20 20:18:38.827616
526,Smartwatch,Appliances,21,2024-08-07 20:18:38.827616
527,Tablet,Accessories,4,2024-05-18 20:18:38.827616
528,Camera,Electronics,8,2024-07-20 20:18:38.827616
529,Smartwatch,Accessories,1,2024-04-18 20:18:38.827616
530,Headphones,Accessories,26,2024-02-08 20:18:38.827616
531,Camera,Electronics,84,2024-05-27 20:18:38.827616
532,Tablet,Appliances,20,2024-01-29 20:18:38.827616
533,Smartphone,Accessories,9,2023-09-21 20:18:38.827616
534,Tablet,Accessories,98,2024-08-25 20:18:38.827616
535,Smartwatch,Electronics,74,2024-08-29 20:18:38.827616
536,Headphones,Accessories,8,2024-02-13 20:18:38.827616
537,TV,Accessories,78,2024-04-26 20:18:38.827616
538,Smartwatch,Accessories,45,2024-03-20 20:18:38.827616
539,Tablet,Appliances,20,2024-04-08 20:18:38.827616
540,Laptop,Appliances,27,2023-12-17 20:18:38.827616
541,TV,Electronics,25,2024-05-08 20:18:38.827616
542,TV,Appliances,18,2024-04-08 20:18:38.827616
543,Smartphone,Electronics,48,2024-05-17 20:18:38.827616
544,TV,Appliances,95,2023-11-25 20:18:38.827616
545,Smartphone,Appliances,13,2023-11-04 20:18:38.827616
546,Laptop,Electronics,88,2023-11-08 20:18:38.827616
547,Smartphone,Appliances,40,2024-08-06 20:18:38.827616
548,Tablet,Appliances,40,2024-01-20 20:18:38.827616
549,Smartphone,Electronics,43,2024-02-14 20:18:38.827616
550,Smartphone,Accessories,82,2023-11-18 20:18:38.827616
551,TV,Appliances,73,2024-08-05 20:18:38.827616
552,Smartphone,Appliances,40,2024-03-19 20:18:38.827616
553,Camera,Electronics,71,2024-05-29 20:18:38.827616
554,Laptop,Appliances,36,2024-08-13 20:18:38.827616
555,Headphones,Electronics,8,2023-09-26 20:18:38.827616
556,Laptop,Accessories,55,2024-06-18 20:18:38.827616
557,Headphones,Appliances,66,2024-06-06 20:18:38.827616
558,Camera,Electronics,30,2024-02-15 20:18:38.827616
559,Tablet,Appliances,59,2023-10-05 20:18:38.827616
560,Laptop,Appliances,99,2023-09-28 20:18:38.827616
561,Camera,Accessories,29,2024-05-18 20:18:38.827616
562,Camera,Accessories,89,2024-01-23 20:18:38.827616
563,TV,Accessories,29,2024-05-03 20:18:38.827616
564,Headphones,Appliances,6,2024-02-09 20:18:38.827616
565,Smartphone,Accessories,94,2024-04-18 20:18:38.827616
566,Headphones,Accessories,53,2023-12-01 20:18:38.827616
567,Laptop,Accessories,23,2024-01-03 20:18:38.827616
568,TV,Appliances,35,2024-02-06 20:18:38.827616
569,Laptop,Electronics,92,2024-04-29 20:18:38.827616
570,Tablet,Accessories,71,2024-07-30 20:18:38.827616
571,Camera,Electronics,65,2024-02-24 20:18:38.827616
572,Tablet,Accessories,45,2023-09-21 20:18:38.827616
573,Tablet,Accessories,23,2024-06-28 20:18:38.827616
574,Camera,Appliances,40,2023-12-26 20:18:38.827616
575,Camera,Electronics,97,2024-07-29 20:18:38.827616
576,Tablet,Appliances,60,2023-12-19 20:18:38.827616
577,Headphones,Accessories,54,2024-01-16 20:18:38.827616
578,Smartphone,Appliances,32,2024-04-20 20:18:38.827616
579,Laptop,Appliances,52,2024-06-21 20:18:38.827616
580,Headphones,Appliances,36,2024-03-21 20:18:38.827616
581,TV,Appliances,74,2024-04-07 20:18:38.827616
582,TV,Electronics,13,2024-07-19 20:18:38.827616
583,Headphones,Electronics,50,2024-06-10 20:18:38.827616
584,Smartphone,Accessories,75,2024-02-20 20:18:38.827616
585,Headphones,Appliances,65,2023-11-09 20:18:38.827616
586,Smartwatch,Accessories,15,2024-01-04 20:18:38.827616
587,Camera,Accessories,87,2023-11-24 20:18:38.827616
588,TV,Accessories,74,2024-05-16 20:18:38.827616
589,Tablet,Appliances,53,2023-11-15 20:18:38.827616
590,Headphones,Appliances,44,2024-07-25 20:18:38.827616
591,Tablet,Electronics,42,2023-09-20 20:18:38.827616
592,Smartwatch,Electronics,78,2024-08-30 20:18:38.827616
593,TV,Appliances,1,2024-07-26 20:18:38.827616
594,Smartphone,Accessories,65,2023-10-25 20:18:38.827616
595,Headphones,Electronics,1,2024-07-15 20:18:38.827616
596,Smartwatch,Accessories,92,2024-06-16 20:18:38.827616
597,Camera,Accessories,39,2024-07-28 20:18:38.827616
598,Headphones,Electronics,92,2024-07-13 20:18:38.827616
599,TV,Accessories,8,2023-12-05 20:18:38.827616
600,Smartphone,Electronics,70,2023-11-19 20:18:38.827616
601,Laptop,Electronics,57,2023-12-25 20:18:38.827616
602,Smartphone,Appliances,51,2024-07-05 20:18:38.827616
603,Smartwatch,Accessories,58,2024-06-22 20:18:38.827616
604,TV,Electronics,95,2024-07-28 20:18:38.827616
605,Headphones,Accessories,74,2023-09-24 20:18:38.827616
606,Smartwatch,Accessories,85,2023-12-27 20:18:38.827616
607,Smartwatch,Electronics,24,2024-08-23 20:18:38.827616
608,Smartphone,Accessories,15,2023-10-08 20:18:38.827616
609,Smartwatch,Electronics,73,2024-03-23 20:18:38.827616
610,Tablet,Appliances,87,2024-06-22 20:18:38.827616
611,Smartphone,Electronics,72,2023-12-27 20:18:38.827616
612,Laptop,Electronics,9,2024-04-11 20:18:38.827616
613,Tablet,Appliances,72,2024-07-24 20:18:38.827616
614,Camera,Electronics,21,2024-02-17 20:18:38.827616
615,Smartphone,Appliances,84,2024-06-09 20:18:38.827616
616,Laptop,Appliances,2,2024-05-19 20:18:38.827616
617,Tablet,Appliances,44,2024-04-02 20:18:38.827616
618,Tablet,Electronics,48,2023-09-18 20:18:38.827616
619,Camera,Accessories,70,2023-10-23 20:18:38.827616
620,Laptop,Appliances,53,2023-11-18 20:18:38.827616
621,Tablet,Electronics,47,2024-03-20 20:18:38.827616
622,Tablet,Electronics,59,2024-05-14 20:18:38.827616
623,Smartphone,Electronics,35,2024-04-09 20:18:38.827616
624,Headphones,Appliances,60,2024-06-11 20:18:38.827616
625,Headphones,Accessories,92,2023-10-19 20:18:38.827616
626,Tablet,Appliances,98,2024-06-20 20:18:38.827616
627,Camera,Accessories,57,2024-03-21 20:18:38.827616
628,Smartphone,Appliances,52,2024-04-17 20:18:38.827616
629,Camera,Appliances,21,2023-10-25 20:18:38.827616
630,Camera,Electronics,18,2024-03-31 20:18:38.827616
631,TV,Electronics,13,2024-05-07 20:18:38.827616
632,Headphones,Electronics,76,2023-10-22 20:18:38.827616
633,TV,Accessories,64,2024-05-09 20:18:38.827616
634,TV,Electronics,83,2024-07-10 20:18:38.827616
635,Camera,Electronics,9,2024-08-25 20:18:38.827616
636,Tablet,Accessories,10,2023-12-27 20:18:38.827616
637,Tablet,Appliances,22,2023-12-07 20:18:38.827616
638,Tablet,Appliances,16,2024-01-28 20:18:38.827616
639,Camera,Electronics,14,2024-06-01 20:18:38.827616
640,Laptop,Accessories,17,2023-09-13 20:18:38.827616
641,Smartwatch,Appliances,42,2023-10-16 20:18:38.827616
642,TV,Appliances,35,2024-03-30 20:18:38.827616
643,Smartwatch,Accessories,39,2023-10-11 20:18:38.827616
644,Headphones,Electronics,46,2023-09-07 20:18:38.827616
645,Tablet,Appliances,9,2024-03-22 20:18:38.827616
646,TV,Electronics,57,2023-11-18 20:18:38.827616
647,Headphones,Electronics,44,2024-02-21 20:18:38.827616
648,Smartwatch,Appliances,86,2024-01-04 20:18:38.827616
649,TV,Appliances,78,2023-10-05 20:18:38.827616
650,TV,Electronics,3,2023-10-13 20:18:38.827616
651,Tablet,Appliances,47,2024-03-18 20:18:38.827616
652,Tablet,Appliances,18,2023-10-07 20:18:38.827616
653,Smartwatch,Appliances,26,2024-01-16 20:18:38.827616
654,Laptop,Electronics,96,2024-02-23 20:18:38.827616
655,Smartwatch,Accessories,29,2023-09-07 20:18:38.827616
656,Smartphone,Accessories,67,2024-02-05 20:18:38.827616
657,TV,Accessories,64,2024-05-28 20:18:38.827616
658,Laptop,Appliances,29,2023-10-01 20:18:38.827616
659,Tablet,Electronics,2,2023-11-15 20:18:38.827616
660,Laptop,Appliances,75,2024-02-09 20:18:38.827616
661,TV,Accessories,16,2024-07-19 20:18:38.827616
662,Laptop,Appliances,71,2024-06-18 20:18:38.827616
663,Tablet,Electronics,39,2024-03-31 20:18:38.827616
664,Smartphone,Electronics,51,2024-07-13 20:18:38.827616
665,Smartwatch,Electronics,74,2024-07-13 20:18:38.827616
666,Smartphone,Appliances,4,2023-11-24 20:18:38.827616
667,TV,Accessories,45,2023-11-11 20:18:38.827616
668,TV,Appliances,76,2024-01-12 20:18:38.827616
669,Laptop,Appliances,36,2024-06-01 20:18:38.827616
670,TV,Accessories,74,2023-11-15 20:18:38.827616
671,Camera,Electronics,73,2024-03-10 20:18:38.827616
672,Camera,Electronics,20,2024-08-04 20:18:38.827616
673,Tablet,Appliances,76,2024-08-25 20:18:38.827616
674,Laptop,Accessories,92,2023-10-10 20:18:38.827616
675,TV,Accessories,20,2024-06-21 20:18:38.827616
676,TV,Electronics,72,2023-09-10 20:18:38.827616
677,Tablet,Electronics,96,2023-12-25 20:18:38.827616
678,TV,Accessories,1,2023-11-25 20:18:38.827616
679,TV,Appliances,66,2024-03-06 20:18:38.827616
680,Laptop,Appliances,80,2024-02-14 20:18:38.827616
681,Tablet,Appliances,16,2023-09-22 20:18:38.827616
682,Camera,Accessories,61,2023-12-17 20:18:38.827616
683,Headphones,Accessories,1,2024-08-24 20:18:38.827616
684,Tablet,Accessories,54,2024-02-10 20:18:38.827616
685,Headphones,Accessories,17,2023-12-12 20:18:38.827616
686,TV,Electronics,18,2024-06-10 20:18:38.827616
687,Smartphone,Accessories,98,2024-08-25 20:18:38.827616
688,Smartwatch,Accessories,6,2024-03-04 20:18:38.827616
689,Headphones,Accessories,7,2023-11-18 20:18:38.827616
690,Smartwatch,Electronics,87,2024-02-07 20:18:38.827616
691,Camera,Accessories,45,2024-02-09 20:18:38.827616
692,Camera,Electronics,57,2023-12-19 20:18:38.827616
693,Headphones,Accessories,95,2024-01-18 20:18:38.827616
694,Camera,Accessories,99,2024-01-27 20:18:38.827616
695,Tablet,Appliances,92,2023-10-06 20:18:38.827616
696,Tablet,Accessories,28,2024-06-07 20:18:38.827616
697,Smartwatch,Appliances,49,2024-05-31 20:18:38.827616
698,Headphones,Accessories,65,2023-12-20 20:18:38.827616
699,Laptop,Appliances,39,2023-10-30 20:18:38.827616
700,Headphones,Electronics,42,2023-09-23 20:18:38.827616
701,Smartphone,Electronics,20,2024-04-01 20:18:38.827616
702,Smartphone,Electronics,94,2024-07-13 20:18:38.827616
703,Smartwatch,Appliances,100,2024-02-11 20:18:38.827616
704,Laptop,Accessories,82,2023-10-15 20:18:38.827616
705,Smartwatch,Appliances,26,2023-09-12 20:18:38.827616
706,Smartwatch,Appliances,62,2024-06-28 20:18:38.827616
707,Camera,Appliances,86,2023-09-20 20:18:38.827616
708,TV,Appliances,63,2024-06-11 20:18:38.827616
709,Smartwatch,Appliances,25,2024-04-06 20:18:38.827616
710,Camera,Accessories,69,2024-06-16 20:18:38.827616
711,Smartwatch,Accessories,83,2024-01-22 20:18:38.827616
712,Headphones,Appliances,47,2023-12-21 20:18:38.827616
713,Camera,Electronics,66,2024-08-17 20:18:38.827616
714,Laptop,Appliances,44,2024-05-18 20:18:38.827616
715,Smartwatch,Electronics,1,2024-07-10 20:18:38.827616
716,Headphones,Accessories,45,2024-03-07 20:18:38.827616
717,Headphones,Appliances,66,2024-08-20 20:18:38.827616
718,Camera,Appliances,37,2024-01-21 20:18:38.827616
719,Smartphone,Electronics,4,2024-04-06 20:18:38.827616
720,Tablet,Appliances,19,2024-03-28 20:18:38.827616
721,Smartwatch,Accessories,59,2023-11-19 20:18:38.827616
722,Tablet,Electronics,48,2024-01-01 20:18:38.827616
723,Smartphone,Electronics,57,2023-09-05 20:18:38.827616
724,Tablet,Accessories,22,2023-09-17 20:18:38.827616
725,Smartphone,Electronics,10,2024-04-29 20:18:38.827616
726,TV,Accessories,7,2024-08-20 20:18:38.827616
727,Headphones,Appliances,85,2023-09-09 20:18:38.827616
728,TV,Accessories,27,2023-11-28 20:18:38.827616
729,Smartphone,Appliances,79,2024-07-14 20:18:38.827616
730,Headphones,Accessories,71,2023-10-03 20:18:38.827616
731,Headphones,Electronics,61,2023-11-02 20:18:38.827616
732,Smartphone,Accessories,55,2024-04-27 20:18:38.827616
733,Laptop,Appliances,57,2023-09-27 20:18:38.827616
734,Smartwatch,Appliances,57,2023-10-20 20:18:38.827616
735,Laptop,Electronics,5,2024-02-02 20:18:38.827616
736,Smartphone,Electronics,16,2024-06-29 20:18:38.827616
737,TV,Electronics,34,2024-01-03 20:18:38.827616
738,Laptop,Appliances,4,2024-06-19 20:18:38.827616
739,Tablet,Appliances,87,2024-08-11 20:18:38.827616
740,Tablet,Electronics,17,2024-08-05 20:18:38.827616
741,Smartwatch,Appliances,76,2024-05-06 20:18:38.827616
742,Camera,Electronics,80,2024-03-24 20:18:38.827616
743,Tablet,Accessories,83,2023-10-20 20:18:38.827616
744,Smartphone,Accessories,43,2023-11-02 20:18:38.827616
745,Camera,Accessories,36,2024-01-28 20:18:38.827616
746,TV,Accessories,76,2024-03-10 20:18:38.827616
747,Smartwatch,Electronics,4,2024-03-22 20:18:38.827616
748,Laptop,Accessories,78,2024-07-08 20:18:38.827616
749,Smartphone,Electronics,27,2023-09-12 20:18:38.827616
750,Smartwatch,Accessories,93,2024-03-24 20:18:38.827616
751,Headphones,Electronics,65,2024-02-17 20:18:38.827616
752,TV,Accessories,97,2024-02-05 20:18:38.827616
753,TV,Accessories,22,2024-05-13 20:18:38.827616
754,Tablet,Appliances,65,2023-11-28 20:18:38.827616
755,TV,Accessories,64,2023-10-28 20:18:38.827616
756,Tablet,Accessories,45,2023-12-15 20:18:38.827616
757,Laptop,Accessories,4,2023-09-03 20:18:38.827616
758,Smartwatch,Electronics,80,2024-02-09 20:18:38.827616
759,Headphones,Appliances,87,2023-09-01 20:18:38.827616
760,Laptop,Accessories,96,2024-01-20 20:18:38.827616
761,Headphones,Accessories,53,2024-01-29 20:18:38.827616
762,Laptop,Electronics,86,2024-05-23 20:18:38.827616
763,Smartwatch,Appliances,93,2024-03-15 20:18:38.827616
764,Camera,Accessories,79,2024-01-17 20:18:38.827616
765,Smartphone,Accessories,95,2024-01-08 20:18:38.827616
766,Headphones,Electronics,70,2024-01-30 20:18:38.827616
767,Laptop,Accessories,55,2024-03-07 20:18:38.827616
768,TV,Accessories,55,2024-05-07 20:18:38.827616
769,Tablet,Accessories,88,2024-08-22 20:18:38.827616
770,Camera,Electronics,11,2024-03-26 20:18:38.827616
771,Tablet,Electronics,93,2024-08-09 20:18:38.827616
772,Laptop,Appliances,87,2024-03-19 20:18:38.827616
773,Smartwatch,Electronics,72,2023-09-15 20:18:38.827616
774,Smartphone,Appliances,15,2023-09-12 20:18:38.827616
775,Headphones,Electronics,94,2024-08-10 20:18:38.827616
776,Smartphone,Accessories,64,2023-09-22 20:18:38.827616
777,Headphones,Accessories,29,2024-05-29 20:18:38.827616
778,Headphones,Electronics,63,2024-06-09 20:18:38.827616
779,TV,Accessories,64,2024-03-17 20:18:38.827616
780,Headphones,Accessories,32,2023-10-31 20:18:38.827616
781,TV,Accessories,50,2024-08-01 20:18:38.827616
782,Camera,Accessories,44,2024-04-18 20:18:38.827616
783,Smartwatch,Appliances,1,2024-06-08 20:18:38.827616
784,Smartwatch,Accessories,48,2023-11-01 20:18:38.827616
785,Laptop,Accessories,31,2024-02-26 20:18:38.827616
786,Headphones,Appliances,24,2024-06-30 20:18:38.827616
787,Smartphone,Accessories,4,2024-02-28 20:18:38.827616
788,Camera,Electronics,62,2024-06-13 20:18:38.827616
789,Smartphone,Electronics,81,2024-05-09 20:18:38.827616
790,Tablet,Appliances,78,2024-06-20 20:18:38.827616
791,TV,Accessories,63,2023-10-30 20:18:38.827616
792,Smartphone,Electronics,53,2024-08-15 20:18:38.827616
793,Smartwatch,Accessories,99,2024-06-12 20:18:38.827616
794,Tablet,Electronics,58,2023-09-19 20:18:38.827616
795,Tablet,Electronics,7,2024-05-27 20:18:38.827616
796,Smartwatch,Electronics,80,2024-03-10 20:18:38.827616
797,Laptop,Appliances,63,2023-12-30 20:18:38.827616
798,Tablet,Appliances,15,2024-07-16 20:18:38.827616
799,Smartwatch,Accessories,33,2024-03-16 20:18:38.827616
800,Tablet,Electronics,43,2024-05-28 20:18:38.827616
801,Laptop,Accessories,64,2024-06-20 20:18:38.827616
802,Headphones,Accessories,66,2024-03-21 20:18:38.827616
803,TV,Accessories,74,2024-05-16 20:18:38.827616
804,Camera,Accessories,40,2023-12-18 20:18:38.827616
805,Smartwatch,Appliances,84,2024-07-08 20:18:38.827616
806,Tablet,Appliances,51,2024-05-23 20:18:38.827616
807,Camera,Accessories,23,2023-11-24 20:18:38.827616
808,Headphones,Accessories,7,2024-08-29 20:18:38.827616
809,Laptop,Appliances,29,2024-05-17 20:18:38.827616
810,Camera,Electronics,98,2024-03-11 20:18:38.827616
811,Tablet,Accessories,69,2024-01-20 20:18:38.827616
812,Camera,Electronics,58,2024-08-12 20:18:38.827616
813,Headphones,Electronics,91,2024-07-17 20:18:38.827616
814,Laptop,Accessories,79,2023-09-20 20:18:38.827616
815,Camera,Accessories,55,2024-02-05 20:18:38.827616
816,Smartphone,Appliances,58,2024-05-11 20:18:38.827616
817,Smartwatch,Accessories,60,2024-03-20 20:18:38.827616
818,Smartwatch,Appliances,66,2023-11-30 20:18:38.827616
819,Laptop,Appliances,53,2024-01-15 20:18:38.827616
820,Tablet,Appliances,23,2024-01-24 20:18:38.827616
821,TV,Electronics,61,2023-11-05 20:18:38.827616
822,TV,Electronics,84,2023-12-04 20:18:38.827616
823,Headphones,Accessories,99,2024-01-16 20:18:38.827616
824,Camera,Accessories,7,2024-06-21 20:18:38.827616
825,TV,Accessories,88,2023-10-24 20:18:38.827616
826,Smartwatch,Accessories,86,2024-02-10 20:18:38.827616
827,Smartwatch,Accessories,23,2024-02-08 20:18:38.827616
828,Tablet,Accessories,9,2023-12-22 20:18:38.827616
829,Smartphone,Electronics,26,2024-04-20 20:18:38.827616
830,Laptop,Accessories,99,2024-01-04 20:18:38.827616
831,Smartphone,Electronics,43,2023-09-11 20:18:38.827616
832,TV,Appliances,88,2024-03-22 20:18:38.827616
833,Smartphone,Electronics,83,2024-07-08 20:18:38.827616
834,Laptop,Electronics,76,2024-07-07 20:18:38.827616
835,TV,Electronics,94,2024-01-14 20:18:38.827616
836,Tablet,Appliances,65,2023-12-28 20:18:38.827616
837,Camera,Appliances,43,2024-04-02 20:18:38.827616
838,Smartwatch,Accessories,3,2023-09-03 20:18:38.827616
839,Smartwatch,Accessories,1,2024-04-23 20:18:38.827616
840,Laptop,Electronics,29,2023-09-09 20:18:38.827616
841,Headphones,Appliances,31,2024-02-25 20:18:38.827616
842,Headphones,Appliances,31,2024-05-23 20:18:38.827616
843,Smartwatch,Accessories,67,2024-02-29 20:18:38.827616
844,TV,Appliances,99,2023-10-28 20:18:38.827616
845,Headphones,Appliances,84,2024-07-22 20:18:38.827616
846,Laptop,Electronics,65,2024-08-05 20:18:38.827616
847,Laptop,Electronics,32,2024-04-05 20:18:38.827616
848,Camera,Appliances,66,2024-07-14 20:18:38.827616
849,TV,Accessories,97,2023-12-27 20:18:38.827616
850,TV,Accessories,43,2023-11-03 20:18:38.827616
851,Tablet,Accessories,90,2023-11-19 20:18:38.827616
852,TV,Appliances,81,2024-02-18 20:18:38.827616
853,Laptop,Appliances,96,2024-05-07 20:18:38.827616
854,Tablet,Accessories,59,2024-02-10 20:18:38.827616
855,Smartphone,Accessories,31,2023-11-22 20:18:38.827616
856,Tablet,Electronics,33,2024-06-13 20:18:38.827616
857,Laptop,Appliances,96,2024-05-21 20:18:38.827616
858,Laptop,Electronics,77,2024-05-02 20:18:38.827616
859,Headphones,Electronics,47,2023-09-05 20:18:38.827616
860,Camera,Accessories,12,2024-05-15 20:18:38.827616
861,Laptop,Appliances,81,2023-12-29 20:18:38.827616
862,Tablet,Appliances,57,2024-06-07 20:18:38.827616
863,Headphones,Accessories,45,2024-04-28 20:18:38.827616
864,Laptop,Appliances,11,2024-08-07 20:18:38.827616
865,Headphones,Accessories,3,2024-08-01 20:18:38.827616
866,Smartphone,Electronics,39,2023-10-13 20:18:38.827616
867,Camera,Accessories,94,2023-09-22 20:18:38.827616
868,Laptop,Accessories,35,2024-07-24 20:18:38.827616
869,TV,Accessories,67,2024-01-02 20:18:38.827616
870,Smartphone,Accessories,53,2023-12-20 20:18:38.827616
871,Tablet,Electronics,40,2024-08-21 20:18:38.827616
872,Laptop,Appliances,87,2023-10-26 20:18:38.827616
873,Camera,Accessories,97,2023-11-17 20:18:38.827616
874,Smartphone,Electronics,54,2024-05-15 20:18:38.827616
875,Smartwatch,Accessories,37,2023-12-28 20:18:38.827616
876,Tablet,Accessories,4,2023-09-13 20:18:38.827616
877,Headphones,Accessories,62,2024-08-25 20:18:38.827616
878,Tablet,Electronics,75,2024-03-10 20:18:38.827616
879,Smartphone,Appliances,18,2024-01-26 20:18:38.827616
880,Camera,Accessories,85,2024-06-26 20:18:38.827616
881,Tablet,Electronics,6,2024-04-20 20:18:38.827616
882,Camera,Accessories,90,2023-10-17 20:18:38.827616
883,Smartphone,Accessories,77,2024-08-18 20:18:38.827616
884,Camera,Appliances,23,2024-08-09 20:18:38.827616
885,TV,Appliances,33,2024-02-05 20:18:38.827616
886,Smartwatch,Electronics,96,2023-10-17 20:18:38.827616
887,Headphones,Accessories,40,2024-05-28 20:18:38.827616
888,Headphones,Electronics,44,2024-05-04 20:18:38.827616
889,Smartwatch,Electronics,72,2024-06-06 20:18:38.827616
890,TV,Accessories,76,2024-06-28 20:18:38.827616
891,Laptop,Accessories,93,2023-09-24 20:18:38.827616
892,Smartphone,Accessories,97,2023-10-11 20:18:38.827616
893,Tablet,Electronics,13,2024-01-08 20:18:38.827616
894,Laptop,Electronics,85,2024-02-07 20:18:38.827616
895,TV,Accessories,94,2024-06-21 20:18:38.827616
896,Camera,Electronics,33,2024-07-06 20:18:38.827616
897,TV,Electronics,92,2024-01-28 20:18:38.827616
898,Headphones,Accessories,68,2024-01-09 20:18:38.827616
899,TV,Appliances,23,2024-05-29 20:18:38.827616
900,TV,Electronics,96,2023-09-10 20:18:38.827616
901,Smartwatch,Accessories,93,2024-05-18 20:18:38.827616
902,Tablet,Appliances,61,2023-11-08 20:18:38.827616
903,Smartwatch,Electronics,48,2024-08-11 20:18:38.827616
904,Camera,Accessories,8,2024-07-29 20:18:38.827616
905,Laptop,Accessories,33,2024-04-01 20:18:38.827616
906,Smartphone,Accessories,84,2024-05-12 20:18:38.827616
907,Headphones,Electronics,47,2023-09-09 20:18:38.827616
908,TV,Appliances,81,2023-12-29 20:18:38.827616
909,Smartphone,Appliances,71,2024-06-04 20:18:38.827616
910,Camera,Electronics,28,2024-01-19 20:18:38.827616
911,Laptop,Accessories,56,2024-01-06 20:18:38.827616
912,Camera,Accessories,71,2023-11-01 20:18:38.827616
913,TV,Electronics,41,2023-11-08 20:18:38.827616
914,Headphones,Appliances,11,2023-11-21 20:18:38.827616
915,Camera,Appliances,54,2024-03-05 20:18:38.827616
916,Smartwatch,Appliances,38,2024-03-17 20:18:38.827616
917,Camera,Electronics,54,2024-04-19 20:18:38.827616
918,Smartwatch,Accessories,98,2024-03-04 20:18:38.827616
919,Camera,Electronics,53,2024-03-20 20:18:38.827616
920,Laptop,Electronics,52,2023-12-11 20:18:38.827616
921,Headphones,Accessories,51,2024-06-22 20:18:38.827616
922,Camera,Electronics,6,2024-08-24 20:18:38.827616
923,Laptop,Appliances,19,2024-05-26 20:18:38.827616
924,Smartphone,Electronics,84,2023-12-17 20:18:38.827616
925,Smartphone,Appliances,1,2024-08-15 20:18:38.827616
926,Laptop,Accessories,61,2024-03-30 20:18:38.827616
927,TV,Accessories,35,2023-10-26 20:18:38.827616
928,Camera,Accessories,42,2023-12-22 20:18:38.827616
929,Camera,Electronics,68,2023-10-04 20:18:38.827616
930,Smartphone,Accessories,5,2023-09-02 20:18:38.827616
931,TV,Electronics,50,2024-05-09 20:18:38.827616
932,Smartwatch,Electronics,26,2024-01-02 20:18:38.827616
933,Smartphone,Accessories,10,2024-08-18 20:18:38.827616
934,Headphones,Appliances,55,2024-04-24 20:18:38.827616
935,Smartphone,Electronics,14,2023-12-01 20:18:38.827616
936,Headphones,Accessories,16,2023-10-25 20:18:38.827616
937,Smartphone,Appliances,58,2024-03-25 20:18:38.827616
938,Tablet,Electronics,60,2023-10-08 20:18:38.827616
939,Headphones,Accessories,98,2024-02-01 20:18:38.827616
940,Smartphone,Accessories,79,2023-12-10 20:18:38.827616
941,Laptop,Accessories,97,2024-06-22 20:18:38.827616
942,Camera,Appliances,31,2024-04-14 20:18:38.827616
943,TV,Electronics,6,2024-01-27 20:18:38.827616
944,Laptop,Electronics,78,2024-01-04 20:18:38.827616
945,Tablet,Appliances,2,2024-01-16 20:18:38.827616
946,Laptop,Appliances,20,2023-10-30 20:18:38.827616
947,Camera,Accessories,3,2024-06-19 20:18:38.827616
948,Laptop,Appliances,34,2024-06-30 20:18:38.827616
949,Headphones,Appliances,37,2023-09-08 20:18:38.827616
950,Smartphone,Appliances,44,2024-08-15 20:18:38.827616
951,Laptop,Electronics,93,2023-10-22 20:18:38.827616
952,Laptop,Accessories,4,2023-10-19 20:18:38.827616
953,TV,Electronics,50,2023-09-19 20:18:38.827616
954,Smartphone,Appliances,86,2024-06-04 20:18:38.827616
955,Smartphone,Appliances,18,2023-11-02 20:18:38.827616
956,Laptop,Electronics,89,2023-12-02 20:18:38.827616
957,Tablet,Accessories,87,2024-01-11 20:18:38.827616
958,Camera,Electronics,83,2023-11-17 20:18:38.827616
959,TV,Appliances,96,2024-07-20 20:18:38.827616
960,Smartphone,Electronics,91,2024-07-13 20:18:38.827616
961,Tablet,Appliances,13,2024-03-06 20:18:38.827616
962,TV,Electronics,74,2024-08-09 20:18:38.827616
963,TV,Appliances,93,2024-03-27 20:18:38.827616
964,Laptop,Appliances,54,2023-09-24 20:18:38.827616
965,Headphones,Appliances,25,2024-01-30 20:18:38.827616
966,TV,Electronics,95,2023-10-03 20:18:38.827616
967,Smartwatch,Appliances,90,2023-12-11 20:18:38.827616
968,Smartwatch,Accessories,11,2024-06-14 20:18:38.827616
969,Headphones,Appliances,18,2024-04-20 20:18:38.827616
970,TV,Accessories,56,2024-06-10 20:18:38.827616
971,Headphones,Accessories,57,2024-01-26 20:18:38.827616
972,Smartwatch,Electronics,100,2023-09-29 20:18:38.827616
973,TV,Appliances,16,2023-10-13 20:18:38.827616
974,Tablet,Electronics,93,2023-10-28 20:18:38.827616
975,TV,Electronics,2,2024-01-01 20:18:38.827616
976,Tablet,Electronics,1,2024-08-14 20:18:38.827616
977,Smartwatch,Appliances,79,2024-01-18 20:18:38.827616
978,Tablet,Electronics,55,2023-10-02 20:18:38.827616
979,Laptop,Appliances,76,2024-08-13 20:18:38.827616
980,Smartphone,Appliances,75,2024-04-18 20:18:38.827616
981,TV,Appliances,96,2023-12-11 20:18:38.827616
982,Headphones,Accessories,14,2024-01-01 20:18:38.827616
983,Smartphone,Electronics,46,2023-09-29 20:18:38.827616
984,Smartphone,Accessories,86,2024-06-26 20:18:38.827616
985,Smartwatch,Accessories,86,2024-03-15 20:18:38.827616
986,Tablet,Electronics,98,2024-03-30 20:18:38.827616
987,Tablet,Electronics,43,2024-04-24 20:18:38.827616
988,Tablet,Appliances,28,2024-07-25 20:18:38.827616
989,Headphones,Appliances,79,2024-05-12 20:18:38.827616
990,Tablet,Electronics,7,2023-09-24 20:18:38.827616
991,Laptop,Appliances,98,2023-10-25 20:18:38.827616
992,Tablet,Appliances,77,2024-08-03 20:18:38.827616
993,Smartphone,Appliances,34,2023-11-05 20:18:38.827616
994,Headphones,Accessories,87,2024-07-22 20:18:38.827616
995,Smartwatch,Electronics,78,2023-10-23 20:18:38.827616
996,Headphones,Accessories,47,2024-03-11 20:18:38.827616
997,Headphones,Appliances,86,2024-04-22 20:18:38.827616
998,Camera,Electronics,77,2023-10-01 20:18:38.827616
999,Headphones,Electronics,18,2024-06-16 20:18:38.827616
1000,Smartwatch,Appliances,97,2024-02-27 20:18:38.827616
